Models,Base
BERT,0.1375515818431912
FinBERT,0.7579092159559835
